﻿<?xml version="1.0" encoding="utf-8"?>
<HelpKI>
  <HelpKINode Title="addCard method" Url="html/652dd3c1-c3d0-78d3-fbd9-9288c86deb57.htm" />
  <HelpKINode Title="addCards method" Url="html/24599d1c-74bc-2b85-9982-3553e6bc527b.htm" />
  <HelpKINode Title="addToGrid method" Url="html/5ac4737f-cf44-c851-bf50-fd6a4eb25a48.htm" />
  <HelpKINode Title="App class">
    <HelpKINode Title="App Class" Url="html/bced143d-2637-eb07-60b3-6e0384051fca.htm" />
    <HelpKINode Title="constructor" Url="html/0b68e299-3205-189a-7e27-0f823d66c5e6.htm" />
    <HelpKINode Title="events" Url="html/5ff76bde-2a3d-1a33-9727-1e640bff2544.htm" />
    <HelpKINode Title="fields" Url="html/5c334eb3-692f-da7f-34ab-86b46d9317df.htm" />
    <HelpKINode Title="methods" Url="html/f6a1823e-03d5-76f4-1007-565efa6bb775.htm" />
    <HelpKINode Title="properties" Url="html/cb12086e-26d7-d992-e6d8-464807234613.htm" />
  </HelpKINode>
  <HelpKINode Title="App.App constructor" Url="html/0b68e299-3205-189a-7e27-0f823d66c5e6.htm" />
  <HelpKINode Title="App.InitializeComponent method" Url="html/37633425-a177-df75-0280-e3921d3aa081.htm" />
  <HelpKINode Title="App.Main method" Url="html/a7a56684-139a-ee2a-152b-ced2ab231c39.htm" />
  <HelpKINode Title="App._contentLoaded field" Url="html/725c4fa2-962e-08b9-b7eb-1070c87486c8.htm" />
  <HelpKINode Title="availableCards field" Url="html/186965b3-89d1-9169-a7f3-e4ece8736837.htm" />
  <HelpKINode Title="availableCoords field" Url="html/e1e7a667-79a8-3cb9-89d0-d3ee4ece12c0.htm" />
  <HelpKINode Title="Avatar field" Url="html/ad0e7525-c9f5-2c92-2922-8131abe30020.htm" />
  <HelpKINode Title="Avatar_Click method" Url="html/2c3474f6-9830-19a5-062f-080fc0a3a76c.htm" />
  <HelpKINode Title="back field">
    <HelpKINode Title="ConfigView.back Field" Url="html/059afd2f-0418-9a2c-e58a-275ebf5f353a.htm" />
    <HelpKINode Title="HighNav.back Field" Url="html/42674ea5-7697-a63c-aa74-0ba9eb14cc5a.htm" />
  </HelpKINode>
  <HelpKINode Title="BackgroundImg field">
    <HelpKINode Title="BoardView.BackgroundImg Field" Url="html/5921cfcc-53a2-a237-aed6-951471469015.htm" />
    <HelpKINode Title="ConfigView.BackgroundImg Field" Url="html/c9518d6c-ca2e-690c-fe29-62e342877bd9.htm" />
    <HelpKINode Title="FinishedView.BackgroundImg Field" Url="html/bf0ad1c2-2772-808d-573b-d4d6e09c0028.htm" />
    <HelpKINode Title="HighNav.BackgroundImg Field" Url="html/6c274e18-c501-8ba6-b870-032e48f52754.htm" />
    <HelpKINode Title="MainNav.BackgroundImg Field" Url="html/d0d5a1d6-1f00-fa19-bb04-7767361ed6af.htm" />
    <HelpKINode Title="PlayNav.BackgroundImg Field" Url="html/1a2e5645-c9d0-6e9b-8058-51628c5fb371.htm" />
  </HelpKINode>
  <HelpKINode Title="backImgPath field" Url="html/0d8abbb6-130c-8383-1712-25afbee73b7e.htm" />
  <HelpKINode Title="backpath field" Url="html/0e07591a-eff9-c60c-90d6-439a6e3b6400.htm" />
  <HelpKINode Title="back_click method">
    <HelpKINode Title="ConfigView.back_click Method " Url="html/596e5473-6433-e3b2-202d-516ed338b7e4.htm" />
    <HelpKINode Title="HighNav.back_click Method " Url="html/827e19b0-9a34-e604-a5e4-09aa476a7714.htm" />
    <HelpKINode Title="PlayNav.back_click Method " Url="html/05c35068-5add-e399-87cb-b823ab792726.htm" />
  </HelpKINode>
  <HelpKINode Title="Board class">
    <HelpKINode Title="Board Class" Url="html/c2b4791c-b4e8-7c5e-c4fb-7bb1942a58a3.htm" />
    <HelpKINode Title="constructor" Url="html/ed1d848e-9e66-0770-695b-48da82384c49.htm" />
    <HelpKINode Title="fields" Url="html/a248b57a-6ccb-84b9-768d-f24e7eca3361.htm" />
    <HelpKINode Title="methods" Url="html/b63f61f9-af04-cf26-afd3-615021bd2e37.htm" />
  </HelpKINode>
  <HelpKINode Title="board field" Url="html/26313c4f-c518-8193-89cc-89960e70c312.htm" />
  <HelpKINode Title="Board.availableCards field" Url="html/186965b3-89d1-9169-a7f3-e4ece8736837.htm" />
  <HelpKINode Title="Board.availableCoords field" Url="html/e1e7a667-79a8-3cb9-89d0-d3ee4ece12c0.htm" />
  <HelpKINode Title="Board.backpath field" Url="html/0e07591a-eff9-c60c-90d6-439a6e3b6400.htm" />
  <HelpKINode Title="Board.Board constructor" Url="html/ed1d848e-9e66-0770-695b-48da82384c49.htm" />
  <HelpKINode Title="Board.boardList field" Url="html/d72e1343-0b1e-818e-b710-8de7101768bc.htm" />
  <HelpKINode Title="Board.coords method" Url="html/91a45a05-0f7c-d682-5a45-cb13ddf97fed.htm" />
  <HelpKINode Title="Board.currentTheme field" Url="html/65fa8096-204f-cc0f-74d7-b34ced9c1d6f.htm" />
  <HelpKINode Title="Board.generateCoords method" Url="html/499cf4d3-d358-126d-9c3d-6845eaa49093.htm" />
  <HelpKINode Title="Board.generateImages method" Url="html/3ca62bca-b062-237a-8044-1529bf82aa6b.htm" />
  <HelpKINode Title="Board.genRand method" Url="html/07361e2c-ad49-2a56-15c8-7d74fe4b32b4.htm" />
  <HelpKINode Title="Board.getBoardList method" Url="html/df384dfe-c2e6-e7bf-88d3-999976f1c8c9.htm" />
  <HelpKINode Title="Board.getFrontImg method" Url="html/20147680-33e6-4337-a76e-0c4536031363.htm" />
  <HelpKINode Title="Board.height field" Url="html/5809c565-0f0a-bdab-9a2f-0f7c0dad3f78.htm" />
  <HelpKINode Title="Board.listShuffle method" Url="html/b6fe6f78-dd91-8c5f-09f3-6834ec160b2c.htm" />
  <HelpKINode Title="Board.locationToCard method" Url="html/2e96807a-9ab2-b1a8-534c-8fbcb8542e2e.htm" />
  <HelpKINode Title="Board.prepareBoard method" Url="html/3afc7643-7829-edc4-77c8-d477bed24187.htm" />
  <HelpKINode Title="Board.prepareCards method" Url="html/ddc81a3d-db0f-bd5a-b0f8-8d5337cf0655.htm" />
  <HelpKINode Title="Board.selectImg method" Url="html/cf547e80-fe6a-c73d-c314-90007f74ab66.htm" />
  <HelpKINode Title="Board.setView method" Url="html/19d14a29-c8ca-6542-1b32-1eca4210fc46.htm" />
  <HelpKINode Title="Board.view field" Url="html/7f28342e-a826-a8da-25e8-dae4598fec20.htm" />
  <HelpKINode Title="Board.width field" Url="html/b5d3e228-3594-4850-9d26-84331f0fa6f8.htm" />
  <HelpKINode Title="boardList field" Url="html/d72e1343-0b1e-818e-b710-8de7101768bc.htm" />
  <HelpKINode Title="BoardView class">
    <HelpKINode Title="BoardView Class" Url="html/b1b3a586-dd1a-2916-934b-f6b7535bb275.htm" />
    <HelpKINode Title="constructor" Url="html/2e2bc028-f856-feda-b1b5-7a5ecdbd491e.htm" />
    <HelpKINode Title="events" Url="html/b949353c-049e-89f5-c9f6-93af93b6ebe8.htm" />
    <HelpKINode Title="fields" Url="html/0bd2adb3-3392-4ec8-db6e-7a2175a1deb7.htm" />
    <HelpKINode Title="methods" Url="html/31b05b9d-8bc9-e7f4-3fa6-877b38acf2dd.htm" />
    <HelpKINode Title="properties" Url="html/f5247482-6b35-24fb-1870-81479080829a.htm" />
  </HelpKINode>
  <HelpKINode Title="BoardView.addCard method" Url="html/652dd3c1-c3d0-78d3-fbd9-9288c86deb57.htm" />
  <HelpKINode Title="BoardView.addToGrid method" Url="html/5ac4737f-cf44-c851-bf50-fd6a4eb25a48.htm" />
  <HelpKINode Title="BoardView.BackgroundImg field" Url="html/5921cfcc-53a2-a237-aed6-951471469015.htm" />
  <HelpKINode Title="BoardView.BoardView constructor" Url="html/2e2bc028-f856-feda-b1b5-7a5ecdbd491e.htm" />
  <HelpKINode Title="BoardView.btnClicks method" Url="html/e705e028-7a82-d7b3-372a-5cf1ea533ae6.htm" />
  <HelpKINode Title="BoardView.btnGrid field" Url="html/bab108e6-101b-4ea5-c843-53999d29f330.htm" />
  <HelpKINode Title="BoardView.card_click method" Url="html/e58699c5-5d46-d9df-78e5-caf54fcb8551.htm" />
  <HelpKINode Title="BoardView.compareCards method" Url="html/ddd1f5db-dfdb-24df-e75d-49a4c1e485f9.htm" />
  <HelpKINode Title="BoardView.controller field" Url="html/536f9e87-ddcb-e009-9cd7-39f22772ea5d.htm" />
  <HelpKINode Title="BoardView.currentPlayer field" Url="html/a6e7affe-6a43-31a8-73d6-0c29eb1d69e9.htm" />
  <HelpKINode Title="BoardView.determineWinner method" Url="html/28133af2-647e-f284-3638-f76ea61aacd9.htm" />
  <HelpKINode Title="BoardView.displayFinishScreen method" Url="html/fdc8c9ac-7805-44e5-b992-bb106bfa3042.htm" />
  <HelpKINode Title="BoardView.flipCard method" Url="html/80b9f25f-00ff-4e15-c463-d37c53f94812.htm" />
  <HelpKINode Title="BoardView.InitializeComponent method" Url="html/bf66e193-1d26-32fc-2140-d1b9f907a67e.htm" />
  <HelpKINode Title="BoardView.leftPanel field" Url="html/ed432e2c-5122-6b7e-ffed-b1e663e92536.htm" />
  <HelpKINode Title="BoardView.loadButtons method" Url="html/5586c4a1-4695-c694-12fb-39fb2ea56119.htm" />
  <HelpKINode Title="BoardView.loadPlayers method" Url="html/de40e962-027a-0eef-b289-77b9186a9c63.htm" />
  <HelpKINode Title="BoardView.loadUnevenButton method" Url="html/87c184f5-5e6e-c041-9276-d510d02d4473.htm" />
  <HelpKINode Title="BoardView.LonelyCard method" Url="html/3270db67-bf6f-93bc-0465-07b1975f8713.htm" />
  <HelpKINode Title="BoardView.mainPanel field" Url="html/e7c0a149-40ad-b7bb-4d80-97e621dedab8.htm" />
  <HelpKINode Title="BoardView.NavGrid field" Url="html/022031c6-4450-0a4c-aeda-73b000f3f270.htm" />
  <HelpKINode Title="BoardView.PlayerGrid field" Url="html/c7cebc34-901b-91c9-f21d-65151faaee72.htm" />
  <HelpKINode Title="BoardView.players field" Url="html/270d6a0f-c612-0a39-ab63-7f516a53031b.htm" />
  <HelpKINode Title="BoardView.playGrid field" Url="html/99d08fee-b53c-6d42-8067-571a195b98e5.htm" />
  <HelpKINode Title="BoardView.scoreincrease method" Url="html/2a05fbcd-7613-20a9-e5c9-cd6f2d9da421.htm" />
  <HelpKINode Title="BoardView.select field" Url="html/754b7b0c-bc2c-1bea-839a-5bf0d8c641a3.htm" />
  <HelpKINode Title="BoardView.setColor method" Url="html/1b66886c-a465-db1c-e0cc-47c008456cdd.htm" />
  <HelpKINode Title="BoardView.theme field" Url="html/45c34ce6-6a3f-7822-e6f4-805943362a8b.htm" />
  <HelpKINode Title="BoardView.turnCheck method" Url="html/cb9b699a-9010-0878-5f32-dbfbe8953cfa.htm" />
  <HelpKINode Title="BoardView.turnCounter field" Url="html/c31c33e1-d2be-c55b-0b9a-2bf51d1534cc.htm" />
  <HelpKINode Title="BoardView.TurnGrid field" Url="html/bce6b6a7-a950-2feb-aa1e-c17c7de82b23.htm" />
  <HelpKINode Title="BoardView.turnHandler method" Url="html/1aed7d4d-d356-f7cf-986d-acf856c23b06.htm" />
  <HelpKINode Title="BoardView.unevenClick method" Url="html/cc809181-8f42-c9cf-4e78-59e4d23ecfd9.htm" />
  <HelpKINode Title="BoardView.updateScore method" Url="html/8549de28-8188-51a7-3c7b-469f9e171db9.htm" />
  <HelpKINode Title="BoardView.updateTurnCounter method" Url="html/df1bdd1c-d8a7-5b65-b263-af4b20c17a11.htm" />
  <HelpKINode Title="BoardView._contentLoaded field" Url="html/03c3c73e-fcbe-5a3e-41d1-13a97d087722.htm" />
  <HelpKINode Title="btnClicks method" Url="html/e705e028-7a82-d7b3-372a-5cf1ea533ae6.htm" />
  <HelpKINode Title="btnGrid field" Url="html/bab108e6-101b-4ea5-c843-53999d29f330.htm" />
  <HelpKINode Title="btnToCard method" Url="html/d877a27e-0554-3fee-da29-29b6bbb0741a.htm" />
  <HelpKINode Title="Card class">
    <HelpKINode Title="Card Class" Url="html/8ec71852-6a45-5ab1-c8d7-8f3284790120.htm" />
    <HelpKINode Title="constructor" Url="html/094c5856-a2e2-c6b3-ae9d-69e5b9a4de5e.htm" />
    <HelpKINode Title="fields" Url="html/db23de92-2a00-09ed-fd3a-4fe23acfa99a.htm" />
    <HelpKINode Title="methods" Url="html/f2ae36ee-e361-87e1-d718-be19f13fd059.htm" />
  </HelpKINode>
  <HelpKINode Title="Card.backImgPath field" Url="html/0d8abbb6-130c-8383-1712-25afbee73b7e.htm" />
  <HelpKINode Title="Card.Card constructor" Url="html/094c5856-a2e2-c6b3-ae9d-69e5b9a4de5e.htm" />
  <HelpKINode Title="Card.frontImgPath field" Url="html/756ecc89-3db3-416f-533b-1f7e617527e0.htm" />
  <HelpKINode Title="Card.getBackImg method" Url="html/1c0d838b-b849-b39c-5a93-caff4b03704a.htm" />
  <HelpKINode Title="Card.getFrontImg method" Url="html/281a0016-f6dd-537c-154b-1d3f16f47a3c.htm" />
  <HelpKINode Title="Card.getXPos method" Url="html/4ce63d25-1cad-22b9-1b18-0216b9686b1c.htm" />
  <HelpKINode Title="Card.getYPos method" Url="html/dd649515-8799-266e-eeea-23732258a3fc.htm" />
  <HelpKINode Title="Card.isLonely method" Url="html/6aa276a2-7bca-8d32-c0eb-7c5de2114d4a.htm" />
  <HelpKINode Title="Card.locationCheck method" Url="html/c8858ac4-fb38-f84e-3473-8a8fa1dde1c8.htm" />
  <HelpKINode Title="Card.lonely field" Url="html/43803e0e-93ff-d4d8-86ee-74588c1327aa.htm" />
  <HelpKINode Title="Card.setLonely method" Url="html/2d1314ce-1087-fedb-0395-1c418f8f9d56.htm" />
  <HelpKINode Title="Card.xPos field" Url="html/905bfc34-a510-a0ea-9035-8fdf81635564.htm" />
  <HelpKINode Title="Card.yPos field" Url="html/c38765ac-404e-9fc8-2050-ab660513622b.htm" />
  <HelpKINode Title="cardNumber field" Url="html/5fb387ca-9015-ec4d-504f-93589105f93c.htm" />
  <HelpKINode Title="CardPreview field" Url="html/417cd6c1-7389-9bda-1b4f-6317a2ec70b5.htm" />
  <HelpKINode Title="cardX field" Url="html/00e615bc-8b8d-477e-7f2f-feaf2dc4d7af.htm" />
  <HelpKINode Title="cardY field" Url="html/65a956d6-3f39-b457-a799-de5b222a39f6.htm" />
  <HelpKINode Title="card_click method" Url="html/e58699c5-5d46-d9df-78e5-caf54fcb8551.htm" />
  <HelpKINode Title="cbItems1 property" Url="html/30528acb-a968-18ec-d3cf-522d38f016f0.htm" />
  <HelpKINode Title="cbItems2 property" Url="html/2acc3c60-fdd5-79d1-4fae-73654492dbc6.htm" />
  <HelpKINode Title="clickedButtons field" Url="html/95fcb06e-d950-27fd-3c8d-750aa350008a.htm" />
  <HelpKINode Title="close field">
    <HelpKINode Title="FinishedView.close Field" Url="html/8a2e16cc-6899-140a-3342-4fd11e94e0d4.htm" />
    <HelpKINode Title="MainNav.close Field" Url="html/bdae68d5-0847-b403-631a-257eafdf202c.htm" />
  </HelpKINode>
  <HelpKINode Title="close_Click method" Url="html/8b6b5435-d99a-9aa9-337e-37942623b979.htm" />
  <HelpKINode Title="close_click method" Url="html/66a05e01-3bb4-86e7-7a07-8c4bf6a27050.htm" />
  <HelpKINode Title="collectedCards field" Url="html/7f46f3f2-3a45-3719-b7bc-89b7c33228be.htm" />
  <HelpKINode Title="comboboxItems1 method" Url="html/dcaf793b-ed1d-fc9d-06ad-ddcd00e65a3e.htm" />
  <HelpKINode Title="comboboxItems2 method" Url="html/504be7f9-0533-5376-b0cb-bb3e9a75fb98.htm" />
  <HelpKINode Title="comboHeight field" Url="html/620312a7-b95c-0126-0640-704f7dc46f7c.htm" />
  <HelpKINode Title="comboWidth field" Url="html/bc915ca3-2672-d1ed-e829-f6bf28b7e2aa.htm" />
  <HelpKINode Title="compareCards method" Url="html/ddd1f5db-dfdb-24df-e75d-49a4c1e485f9.htm" />
  <HelpKINode Title="config field" Url="html/db6ff640-8688-7626-c8d7-4817df6044c8.htm" />
  <HelpKINode Title="ConfigView class">
    <HelpKINode Title="ConfigView Class" Url="html/c7408664-f47e-8508-e8a3-56a311e9efd2.htm" />
    <HelpKINode Title="constructor" Url="html/e889714a-6893-5bfa-ac7a-2767bf3a0c4d.htm" />
    <HelpKINode Title="events" Url="html/602664cc-893c-de2d-b5e8-337c2bda9e1c.htm" />
    <HelpKINode Title="fields" Url="html/c79582cd-5ce4-4c8a-7335-d2cdb0b52d72.htm" />
    <HelpKINode Title="methods" Url="html/f28a44ab-5b1a-bb26-bee2-3bfb7e42f058.htm" />
    <HelpKINode Title="properties" Url="html/52deb80e-145b-3473-6f5f-e8888756aff0.htm" />
  </HelpKINode>
  <HelpKINode Title="ConfigView.back field" Url="html/059afd2f-0418-9a2c-e58a-275ebf5f353a.htm" />
  <HelpKINode Title="ConfigView.BackgroundImg field" Url="html/c9518d6c-ca2e-690c-fe29-62e342877bd9.htm" />
  <HelpKINode Title="ConfigView.back_click method" Url="html/596e5473-6433-e3b2-202d-516ed338b7e4.htm" />
  <HelpKINode Title="ConfigView.ConfigView constructor" Url="html/e889714a-6893-5bfa-ac7a-2767bf3a0c4d.htm" />
  <HelpKINode Title="ConfigView.currentTheme field" Url="html/e257e185-a4ce-7460-554a-8cf7b9abf9a8.htm" />
  <HelpKINode Title="ConfigView.FullscreenToggle field" Url="html/51c446d3-775e-9f5a-502d-b13e6e1eb691.htm" />
  <HelpKINode Title="ConfigView.FullscreenToggle_Checked method" Url="html/162ae816-5ed6-d1c7-5ab4-29a5725d1473.htm" />
  <HelpKINode Title="ConfigView.FullscreenToggle_Unchecked method" Url="html/069cf43f-f170-5d19-c387-51a023fd9b33.htm" />
  <HelpKINode Title="ConfigView.InitializeComponent method" Url="html/c7533e3f-9946-6d5c-c4d5-bc7c53fda6eb.htm" />
  <HelpKINode Title="ConfigView.MusicToggle method" Url="html/010b21fe-fed2-d7ad-08b7-4ab5a342e4da.htm" />
  <HelpKINode Title="ConfigView.SoundToggle field" Url="html/7ecfcfd7-434c-a0e2-c82e-c611c88193f6.htm" />
  <HelpKINode Title="ConfigView.SoundToggle_Checked method" Url="html/f02305de-336c-4f38-a260-310cf28c6012.htm" />
  <HelpKINode Title="ConfigView.SoundToggle_Unchecked method" Url="html/d45e8f13-d360-0f15-0597-d3cd01a3fce8.htm" />
  <HelpKINode Title="ConfigView._contentLoaded field" Url="html/2592aaf9-0b0a-d6c3-ea68-d9b94012d4aa.htm" />
  <HelpKINode Title="config_click method" Url="html/5ebb5d84-0142-d943-8200-7433cd307b1c.htm" />
  <HelpKINode Title="controller field" Url="html/536f9e87-ddcb-e009-9cd7-39f22772ea5d.htm" />
  <HelpKINode Title="coords method" Url="html/91a45a05-0f7c-d682-5a45-cb13ddf97fed.htm" />
  <HelpKINode Title="createBoardView method" Url="html/853058b3-703a-f4fa-b342-afbdf55e5659.htm" />
  <HelpKINode Title="createRectangle method" Url="html/0ca6c793-14c8-4b84-2cf4-dcbfe0d261ff.htm" />
  <HelpKINode Title="currentPlayer field" Url="html/a6e7affe-6a43-31a8-73d6-0c29eb1d69e9.htm" />
  <HelpKINode Title="currentTheme field">
    <HelpKINode Title="Board.currentTheme Field" Url="html/65fa8096-204f-cc0f-74d7-b34ced9c1d6f.htm" />
    <HelpKINode Title="ConfigView.currentTheme Field" Url="html/e257e185-a4ce-7460-554a-8cf7b9abf9a8.htm" />
    <HelpKINode Title="HighNav.currentTheme Field" Url="html/b7bdb33a-0f24-caac-6f97-2c64bc4a3b41.htm" />
  </HelpKINode>
  <HelpKINode Title="determineWinner method" Url="html/28133af2-647e-f284-3638-f76ea61aacd9.htm" />
  <HelpKINode Title="displayFinishScreen method" Url="html/fdc8c9ac-7805-44e5-b992-bb106bfa3042.htm" />
  <HelpKINode Title="FinishedView class">
    <HelpKINode Title="FinishedView Class" Url="html/15d9b4ef-4c5c-ec8a-f262-5b4bbf57705d.htm" />
    <HelpKINode Title="constructor" Url="html/81cb549c-9ca6-7b34-7257-1229cc21cda1.htm" />
    <HelpKINode Title="events" Url="html/610c2985-3a7c-2fac-0e06-06c20dd4f523.htm" />
    <HelpKINode Title="fields" Url="html/75dedac9-66c3-e171-efff-1dec8be292c2.htm" />
    <HelpKINode Title="methods" Url="html/399f7c86-89b9-cd31-6e35-3dcd12c3e705.htm" />
    <HelpKINode Title="properties" Url="html/5a1bb974-dc3c-8e1f-356d-82366f1b2121.htm" />
  </HelpKINode>
  <HelpKINode Title="FinishedView.BackgroundImg field" Url="html/bf0ad1c2-2772-808d-573b-d4d6e09c0028.htm" />
  <HelpKINode Title="FinishedView.cardX field" Url="html/00e615bc-8b8d-477e-7f2f-feaf2dc4d7af.htm" />
  <HelpKINode Title="FinishedView.cardY field" Url="html/65a956d6-3f39-b457-a799-de5b222a39f6.htm" />
  <HelpKINode Title="FinishedView.close field" Url="html/8a2e16cc-6899-140a-3342-4fd11e94e0d4.htm" />
  <HelpKINode Title="FinishedView.close_Click method" Url="html/8b6b5435-d99a-9aa9-337e-37942623b979.htm" />
  <HelpKINode Title="FinishedView.FinishedView constructor" Url="html/81cb549c-9ca6-7b34-7257-1229cc21cda1.htm" />
  <HelpKINode Title="FinishedView.getPlayers method" Url="html/d8011495-5d61-9563-bbe3-953e303ea757.htm" />
  <HelpKINode Title="FinishedView.getWinner method" Url="html/dc70f8e6-075b-a71a-1dc4-821bea43d18b.htm" />
  <HelpKINode Title="FinishedView.InitializeComponent method" Url="html/ef06aa94-d978-252b-f19d-aceca7f89df0.htm" />
  <HelpKINode Title="FinishedView.mainPanel field" Url="html/35b7638e-d923-0518-d5be-a1f926c8093d.htm" />
  <HelpKINode Title="FinishedView.menuButtons field" Url="html/51df00b2-47fa-2475-4c74-62566026f57e.htm" />
  <HelpKINode Title="FinishedView.playerGrid field" Url="html/124e9132-fd85-eb8a-7a37-97f2f4057304.htm" />
  <HelpKINode Title="FinishedView.replay field" Url="html/90d7a64e-461b-6cd8-06b1-53e41163eb9f.htm" />
  <HelpKINode Title="FinishedView.replay_Click method" Url="html/36e2d1a1-e45b-736d-050d-b7bf3ad73da7.htm" />
  <HelpKINode Title="FinishedView.serializer field" Url="html/c75c64b1-60cd-b1c9-7b19-31ecd81c548f.htm" />
  <HelpKINode Title="FinishedView.setWinnerText method" Url="html/e002a410-3a5f-9111-84ed-d545c6848c59.htm" />
  <HelpKINode Title="FinishedView.theme field" Url="html/d3257e59-ce41-b641-8d30-5b4efba93d46.htm" />
  <HelpKINode Title="FinishedView.WinnerText field" Url="html/0f4fadf5-8d64-e3a0-a9c2-fdb1db7958f5.htm" />
  <HelpKINode Title="FinishedView._contentLoaded field" Url="html/e39cb200-3845-b277-b8cf-14ced1cb4bfa.htm" />
  <HelpKINode Title="flipCard method" Url="html/80b9f25f-00ff-4e15-c463-d37c53f94812.htm" />
  <HelpKINode Title="frame1 field" Url="html/c7cf970e-3142-edf7-fc38-e86a0dac6a78.htm" />
  <HelpKINode Title="frontImgPath field" Url="html/756ecc89-3db3-416f-533b-1f7e617527e0.htm" />
  <HelpKINode Title="FullscreenToggle field" Url="html/51c446d3-775e-9f5a-502d-b13e6e1eb691.htm" />
  <HelpKINode Title="FullscreenToggle_Checked method" Url="html/162ae816-5ed6-d1c7-5ab4-29a5725d1473.htm" />
  <HelpKINode Title="FullscreenToggle_Unchecked method" Url="html/069cf43f-f170-5d19-c387-51a023fd9b33.htm" />
  <HelpKINode Title="GameController class">
    <HelpKINode Title="GameController Class" Url="html/d9f136d5-ec7c-e855-6dec-bc8b0bf35a7e.htm" />
    <HelpKINode Title="constructor" Url="html/422990ee-d2d4-e4d7-0e47-d390c28d9141.htm" />
    <HelpKINode Title="fields" Url="html/630ed705-65ae-ff8d-9940-7ce74a9ba20d.htm" />
    <HelpKINode Title="methods" Url="html/b1cf0fed-a9e0-affc-121b-4159c85e9e84.htm" />
  </HelpKINode>
  <HelpKINode Title="GameController.board field" Url="html/26313c4f-c518-8193-89cc-89960e70c312.htm" />
  <HelpKINode Title="GameController.btnToCard method" Url="html/d877a27e-0554-3fee-da29-29b6bbb0741a.htm" />
  <HelpKINode Title="GameController.createBoardView method" Url="html/853058b3-703a-f4fa-b342-afbdf55e5659.htm" />
  <HelpKINode Title="GameController.GameController constructor" Url="html/422990ee-d2d4-e4d7-0e47-d390c28d9141.htm" />
  <HelpKINode Title="GameController.gameFin method" Url="html/12a21b0e-b0e9-acf9-4897-23374aa25e56.htm" />
  <HelpKINode Title="GameController.getBoard method" Url="html/c3b6abd0-60b4-fe88-5c2b-9c42164b4908.htm" />
  <HelpKINode Title="GameController.getHeight method" Url="html/76527a06-129a-2e3e-137f-edf50292d3b9.htm" />
  <HelpKINode Title="GameController.getSerializer method" Url="html/0fb7f983-9a8d-d3c5-5f32-be21a18b93cb.htm" />
  <HelpKINode Title="GameController.getView method" Url="html/753058bb-4e32-8032-d5b3-d34334c452f7.htm" />
  <HelpKINode Title="GameController.getWidth method" Url="html/d00dd481-fb24-a0bf-e7d5-17263381b02a.htm" />
  <HelpKINode Title="GameController.height field" Url="html/effe512d-706f-2486-6d7c-efb2a4ec974e.htm" />
  <HelpKINode Title="GameController.players field" Url="html/acedee6e-1096-f9cb-d887-758321114a3f.htm" />
  <HelpKINode Title="GameController.removeCard method" Url="html/633ec812-b1ba-1b69-99c3-e93100e892f8.htm" />
  <HelpKINode Title="GameController.Save method" Url="html/ebe4dd3b-1be1-10e4-b0b1-a6400c718d9f.htm" />
  <HelpKINode Title="GameController.selectedCards field" Url="html/6dd279f2-1bef-9627-17cd-ef996d6a94af.htm" />
  <HelpKINode Title="GameController.serializer field" Url="html/0960f19d-13f1-61a1-46d0-a615ba654afb.htm" />
  <HelpKINode Title="GameController.setSerializer method" Url="html/3e07ac2b-b419-d4c9-d566-9b7e2319ceef.htm" />
  <HelpKINode Title="GameController.theme field" Url="html/e50de046-7917-9f9f-441a-f0722eafcfe9.htm" />
  <HelpKINode Title="GameController.turnCounter field" Url="html/32efd708-4e86-9c5d-7379-cae237ea5edc.htm" />
  <HelpKINode Title="GameController.view field" Url="html/cfe48e25-d5f3-bb9c-7837-e64a75568e64.htm" />
  <HelpKINode Title="GameController.width field" Url="html/9e28a5d1-71d3-255a-a4fa-8365e5798286.htm" />
  <HelpKINode Title="gameFin method" Url="html/12a21b0e-b0e9-acf9-4897-23374aa25e56.htm" />
  <HelpKINode Title="generateCoords method" Url="html/499cf4d3-d358-126d-9c3d-6845eaa49093.htm" />
  <HelpKINode Title="generateImages method" Url="html/3ca62bca-b062-237a-8044-1529bf82aa6b.htm" />
  <HelpKINode Title="genRand method" Url="html/07361e2c-ad49-2a56-15c8-7d74fe4b32b4.htm" />
  <HelpKINode Title="getBackImg method" Url="html/1c0d838b-b849-b39c-5a93-caff4b03704a.htm" />
  <HelpKINode Title="getBoard method" Url="html/c3b6abd0-60b4-fe88-5c2b-9c42164b4908.htm" />
  <HelpKINode Title="getBoardList method" Url="html/df384dfe-c2e6-e7bf-88d3-999976f1c8c9.htm" />
  <HelpKINode Title="getClickedBtns method" Url="html/45548471-b206-2d56-5f85-e48bcb6d9349.htm" />
  <HelpKINode Title="getFrontImg method">
    <HelpKINode Title="Board.getFrontImg Method " Url="html/20147680-33e6-4337-a76e-0c4536031363.htm" />
    <HelpKINode Title="Card.getFrontImg Method " Url="html/281a0016-f6dd-537c-154b-1d3f16f47a3c.htm" />
  </HelpKINode>
  <HelpKINode Title="getHeight method" Url="html/76527a06-129a-2e3e-137f-edf50292d3b9.htm" />
  <HelpKINode Title="getName method" Url="html/5a132c3d-5373-545b-1622-ee2705c4f7cd.htm" />
  <HelpKINode Title="getPlayers method" Url="html/d8011495-5d61-9563-bbe3-953e303ea757.htm" />
  <HelpKINode Title="getScore method" Url="html/79982c49-973d-35fb-7b6a-ca8a01ee183b.htm" />
  <HelpKINode Title="getSerializer method" Url="html/0fb7f983-9a8d-d3c5-5f32-be21a18b93cb.htm" />
  <HelpKINode Title="getView method" Url="html/753058bb-4e32-8032-d5b3-d34334c452f7.htm" />
  <HelpKINode Title="getWidth method" Url="html/d00dd481-fb24-a0bf-e7d5-17263381b02a.htm" />
  <HelpKINode Title="getWinner method" Url="html/dc70f8e6-075b-a71a-1dc4-821bea43d18b.htm" />
  <HelpKINode Title="getXPos method" Url="html/4ce63d25-1cad-22b9-1b18-0216b9686b1c.htm" />
  <HelpKINode Title="getYPos method" Url="html/dd649515-8799-266e-eeea-23732258a3fc.htm" />
  <HelpKINode Title="height field">
    <HelpKINode Title="Board.height Field" Url="html/5809c565-0f0a-bdab-9a2f-0f7c0dad3f78.htm" />
    <HelpKINode Title="GameController.height Field" Url="html/effe512d-706f-2486-6d7c-efb2a4ec974e.htm" />
    <HelpKINode Title="HighScores.height Field" Url="html/9f165d1a-36ae-3fd8-66bb-1c8e9a685a5b.htm" />
  </HelpKINode>
  <HelpKINode Title="Height field" Url="html/b2b77d3d-a29b-828f-d86a-cb4069f478bc.htm" />
  <HelpKINode Title="HighGrid field" Url="html/321e7764-a603-b02c-a745-e1461bcc46a6.htm" />
  <HelpKINode Title="HighNav class">
    <HelpKINode Title="HighNav Class" Url="html/3bc96dbe-2773-16d4-600b-80ff7ab1e26a.htm" />
    <HelpKINode Title="constructor" Url="html/70c31b5f-fb3f-4b69-38d9-5840f2864fdf.htm" />
    <HelpKINode Title="events" Url="html/7e8c8c5d-df1a-99e6-6418-266de0a092a7.htm" />
    <HelpKINode Title="fields" Url="html/cbf503fe-75b5-ba9e-ff34-e9e81109f2fe.htm" />
    <HelpKINode Title="methods" Url="html/85f8ee81-a812-78de-830e-d0f82330733f.htm" />
    <HelpKINode Title="properties" Url="html/28697acf-a969-7fc6-d985-2ea97e821b1f.htm" />
  </HelpKINode>
  <HelpKINode Title="HighNav.Avatar field" Url="html/ad0e7525-c9f5-2c92-2922-8131abe30020.htm" />
  <HelpKINode Title="HighNav.Avatar_Click method" Url="html/2c3474f6-9830-19a5-062f-080fc0a3a76c.htm" />
  <HelpKINode Title="HighNav.back field" Url="html/42674ea5-7697-a63c-aa74-0ba9eb14cc5a.htm" />
  <HelpKINode Title="HighNav.BackgroundImg field" Url="html/6c274e18-c501-8ba6-b870-032e48f52754.htm" />
  <HelpKINode Title="HighNav.back_click method" Url="html/827e19b0-9a34-e604-a5e4-09aa476a7714.htm" />
  <HelpKINode Title="HighNav.cardNumber field" Url="html/5fb387ca-9015-ec4d-504f-93589105f93c.htm" />
  <HelpKINode Title="HighNav.CardPreview field" Url="html/417cd6c1-7389-9bda-1b4f-6317a2ec70b5.htm" />
  <HelpKINode Title="HighNav.currentTheme field" Url="html/b7bdb33a-0f24-caac-6f97-2c64bc4a3b41.htm" />
  <HelpKINode Title="HighNav.HighNav constructor" Url="html/70c31b5f-fb3f-4b69-38d9-5840f2864fdf.htm" />
  <HelpKINode Title="HighNav.InitializeComponent method" Url="html/58cdaa4c-8fa9-d704-c68f-9392a7b9f1d4.htm" />
  <HelpKINode Title="HighNav.LOTR field" Url="html/df0a099a-60ec-99db-8e5f-5890c7ed4769.htm" />
  <HelpKINode Title="HighNav.LOTR_Click method" Url="html/2a9b8875-e5a9-7481-cf1a-108e0296da63.htm" />
  <HelpKINode Title="HighNav.maxCards field" Url="html/b2170c56-c802-84c7-ef8c-10a4b1649f9f.htm" />
  <HelpKINode Title="HighNav.next_click method" Url="html/bbf707f7-afec-99bc-aee6-3a5ea1e08228.htm" />
  <HelpKINode Title="HighNav.NHLStenden field" Url="html/8d6de7f9-40ab-a196-c87a-e6ce3162df4b.htm" />
  <HelpKINode Title="HighNav.NHLStenden_Click method" Url="html/e207666e-5ba6-1c2f-a963-f142c207c5d2.htm" />
  <HelpKINode Title="HighNav.prev_click method" Url="html/4782aac7-9943-ec63-fa05-123af6d4b012.htm" />
  <HelpKINode Title="HighNav.SelectCard method" Url="html/e84f654b-133a-3206-d9ad-8144a4d580f0.htm" />
  <HelpKINode Title="HighNav.SetTheme method" Url="html/0958d066-25a3-7182-39f6-48591794c50e.htm" />
  <HelpKINode Title="HighNav._contentLoaded field" Url="html/783073a4-32eb-49ac-2a05-f4a6d831aeff.htm" />
  <HelpKINode Title="HighScores class">
    <HelpKINode Title="HighScores Class" Url="html/1cdaacdf-5872-a2a5-d545-a54cebd0d278.htm" />
    <HelpKINode Title="constructor" Url="html/7f7a99c6-4531-b12b-a168-bdaa06c17985.htm" />
    <HelpKINode Title="constructor" Url="html/97343f6e-6177-3033-13de-666c13fce423.htm" />
    <HelpKINode Title="fields" Url="html/d86051d6-d6c5-1f96-38a7-5cdc72286188.htm" />
    <HelpKINode Title="methods" Url="html/2af73418-a6bb-9509-2ab2-51c862ab1fd5.htm" />
  </HelpKINode>
  <HelpKINode Title="HighScores.height field" Url="html/9f165d1a-36ae-3fd8-66bb-1c8e9a685a5b.htm" />
  <HelpKINode Title="HighScores.HighScores constructor">
    <HelpKINode Title="HighScores Constructor " Url="html/97343f6e-6177-3033-13de-666c13fce423.htm" />
    <HelpKINode Title="HighScores Constructor " Url="html/7f7a99c6-4531-b12b-a168-bdaa06c17985.htm" />
  </HelpKINode>
  <HelpKINode Title="HighScores.Load method" Url="html/f4f15bfe-8e03-6f0b-da86-8933fd485ad9.htm" />
  <HelpKINode Title="HighScores.MainDic field" Url="html/ab4673e9-da05-b3b2-6cf1-fdd649fb442b.htm" />
  <HelpKINode Title="HighScores.name field" Url="html/0c1f3dc9-bd17-0c8b-3e1e-4cbe337c3cf5.htm" />
  <HelpKINode Title="HighScores.players field" Url="html/a92f7da3-ce93-bc08-e52d-659f4f516cd5.htm" />
  <HelpKINode Title="HighScores.Save method" Url="html/b9979017-44c8-579a-4b0e-1a37eef60e40.htm" />
  <HelpKINode Title="HighScores.score field" Url="html/29a15a58-07a1-d9ea-e786-9847683c6ad9.htm" />
  <HelpKINode Title="HighScores.serializer field" Url="html/ccae7b85-6895-6818-ea4f-a1cd9f8a407c.htm" />
  <HelpKINode Title="HighScores.width field" Url="html/7ea5cb03-f822-2057-5d76-30938a24b667.htm" />
  <HelpKINode Title="hiscr field" Url="html/a7ae37db-a210-aefe-f55d-4a628c0fc39b.htm" />
  <HelpKINode Title="increaseScore method" Url="html/c1185b89-9923-2ec5-ee38-5f615b319552.htm" />
  <HelpKINode Title="InitializeComponent method">
    <HelpKINode Title="App.InitializeComponent Method " Url="html/37633425-a177-df75-0280-e3921d3aa081.htm" />
    <HelpKINode Title="BoardView.InitializeComponent Method " Url="html/bf66e193-1d26-32fc-2140-d1b9f907a67e.htm" />
    <HelpKINode Title="ConfigView.InitializeComponent Method " Url="html/c7533e3f-9946-6d5c-c4d5-bc7c53fda6eb.htm" />
    <HelpKINode Title="FinishedView.InitializeComponent Method " Url="html/ef06aa94-d978-252b-f19d-aceca7f89df0.htm" />
    <HelpKINode Title="HighNav.InitializeComponent Method " Url="html/58cdaa4c-8fa9-d704-c68f-9392a7b9f1d4.htm" />
    <HelpKINode Title="MainNav.InitializeComponent Method " Url="html/81ab43d2-8d19-1ac5-0e0f-0b4ac3c8b48d.htm" />
    <HelpKINode Title="MainWindow.InitializeComponent Method " Url="html/b1a834f3-c998-6cca-0ef1-b1c09d2a4f22.htm" />
    <HelpKINode Title="PlayNav.InitializeComponent Method " Url="html/75a78442-66a5-bb5b-686c-cddb81973ddf.htm" />
  </HelpKINode>
  <HelpKINode Title="InitializePlayers method" Url="html/0508c8f7-d6d3-61f0-81bf-90a88da172ab.htm" />
  <HelpKINode Title="isLonely method" Url="html/6aa276a2-7bca-8d32-c0eb-7c5de2114d4a.htm" />
  <HelpKINode Title="leftPanel field" Url="html/ed432e2c-5122-6b7e-ffed-b1e663e92536.htm" />
  <HelpKINode Title="listShuffle method" Url="html/b6fe6f78-dd91-8c5f-09f3-6834ec160b2c.htm" />
  <HelpKINode Title="Load method" Url="html/f4f15bfe-8e03-6f0b-da86-8933fd485ad9.htm" />
  <HelpKINode Title="loadButtons method" Url="html/5586c4a1-4695-c694-12fb-39fb2ea56119.htm" />
  <HelpKINode Title="loadPlayers method" Url="html/de40e962-027a-0eef-b289-77b9186a9c63.htm" />
  <HelpKINode Title="loadUnevenButton method" Url="html/87c184f5-5e6e-c041-9276-d510d02d4473.htm" />
  <HelpKINode Title="load_Click method" Url="html/cccbe419-6f74-3e62-7097-17eea672722e.htm" />
  <HelpKINode Title="locationCheck method" Url="html/c8858ac4-fb38-f84e-3473-8a8fa1dde1c8.htm" />
  <HelpKINode Title="locationToCard method" Url="html/2e96807a-9ab2-b1a8-534c-8fbcb8542e2e.htm" />
  <HelpKINode Title="lonely field" Url="html/43803e0e-93ff-d4d8-86ee-74588c1327aa.htm" />
  <HelpKINode Title="LonelyCard method" Url="html/3270db67-bf6f-93bc-0465-07b1975f8713.htm" />
  <HelpKINode Title="LOTR field" Url="html/df0a099a-60ec-99db-8e5f-5890c7ed4769.htm" />
  <HelpKINode Title="LOTR_Click method" Url="html/2a9b8875-e5a9-7481-cf1a-108e0296da63.htm" />
  <HelpKINode Title="Main method" Url="html/a7a56684-139a-ee2a-152b-ced2ab231c39.htm" />
  <HelpKINode Title="MainDic field" Url="html/ab4673e9-da05-b3b2-6cf1-fdd649fb442b.htm" />
  <HelpKINode Title="MainNav class">
    <HelpKINode Title="MainNav Class" Url="html/dd3e7415-341d-0a14-768e-e21b28c92881.htm" />
    <HelpKINode Title="constructor" Url="html/24152285-1ed5-68b4-8dfa-229bc5412729.htm" />
    <HelpKINode Title="events" Url="html/4adf20a9-5ee6-2b58-e0de-b0144dccdc20.htm" />
    <HelpKINode Title="fields" Url="html/3b57a162-e3c1-6d74-a5a7-605d6b1af9a7.htm" />
    <HelpKINode Title="methods" Url="html/4ed1a250-7cbd-4732-b8dd-0f5a2aa95fba.htm" />
    <HelpKINode Title="properties" Url="html/1e8ff27f-8252-7f93-868f-ee13b6d19d91.htm" />
  </HelpKINode>
  <HelpKINode Title="MainNav.BackgroundImg field" Url="html/d0d5a1d6-1f00-fa19-bb04-7767361ed6af.htm" />
  <HelpKINode Title="MainNav.close field" Url="html/bdae68d5-0847-b403-631a-257eafdf202c.htm" />
  <HelpKINode Title="MainNav.close_click method" Url="html/66a05e01-3bb4-86e7-7a07-8c4bf6a27050.htm" />
  <HelpKINode Title="MainNav.config field" Url="html/db6ff640-8688-7626-c8d7-4817df6044c8.htm" />
  <HelpKINode Title="MainNav.config_click method" Url="html/5ebb5d84-0142-d943-8200-7433cd307b1c.htm" />
  <HelpKINode Title="MainNav.Height field" Url="html/b2b77d3d-a29b-828f-d86a-cb4069f478bc.htm" />
  <HelpKINode Title="MainNav.HighGrid field" Url="html/321e7764-a603-b02c-a745-e1461bcc46a6.htm" />
  <HelpKINode Title="MainNav.hiscr field" Url="html/a7ae37db-a210-aefe-f55d-4a628c0fc39b.htm" />
  <HelpKINode Title="MainNav.InitializeComponent method" Url="html/81ab43d2-8d19-1ac5-0e0f-0b4ac3c8b48d.htm" />
  <HelpKINode Title="MainNav.MainNav constructor" Url="html/24152285-1ed5-68b4-8dfa-229bc5412729.htm" />
  <HelpKINode Title="MainNav.Mode_Change method" Url="html/2413c3e6-34d1-e02c-2704-395c6a9cdabd.htm" />
  <HelpKINode Title="MainNav.play field" Url="html/b4c3388e-91b8-9593-9228-45a20769ef3c.htm" />
  <HelpKINode Title="MainNav.play_click method" Url="html/f60233d6-921c-6ccc-302f-b215f41fd835.htm" />
  <HelpKINode Title="MainNav.theme field" Url="html/5a9aa402-774a-1469-281b-0a7916e2bbfb.htm" />
  <HelpKINode Title="MainNav.theme_click method" Url="html/10ed9d21-617f-7d52-597f-d196e95d08ee.htm" />
  <HelpKINode Title="MainNav.Width field" Url="html/ab227f03-cfb7-619f-ae00-b1992f4bab69.htm" />
  <HelpKINode Title="MainNav._contentLoaded field" Url="html/1d502133-c358-27ba-3006-c6507cadb977.htm" />
  <HelpKINode Title="mainPanel field">
    <HelpKINode Title="BoardView.mainPanel Field" Url="html/e7c0a149-40ad-b7bb-4d80-97e621dedab8.htm" />
    <HelpKINode Title="FinishedView.mainPanel Field" Url="html/35b7638e-d923-0518-d5be-a1f926c8093d.htm" />
  </HelpKINode>
  <HelpKINode Title="MainWindow class">
    <HelpKINode Title="MainWindow Class" Url="html/b32701db-de73-2590-b33b-e0e322ec2c88.htm" />
    <HelpKINode Title="constructor" Url="html/d0dc5bc1-661c-6504-fa69-26f707e0c5ef.htm" />
    <HelpKINode Title="events" Url="html/c3249c70-b77d-3b54-172d-fa9277913544.htm" />
    <HelpKINode Title="fields" Url="html/d671edb6-14f4-2cab-ce6c-4aa95821ce23.htm" />
    <HelpKINode Title="methods" Url="html/b795a20d-9e95-2f60-dcd3-00bf143efc32.htm" />
    <HelpKINode Title="properties" Url="html/8b059aeb-a557-d8f6-9ae4-fa3cdbd3384f.htm" />
  </HelpKINode>
  <HelpKINode Title="MainWindow.createRectangle method" Url="html/0ca6c793-14c8-4b84-2cf4-dcbfe0d261ff.htm" />
  <HelpKINode Title="MainWindow.frame1 field" Url="html/c7cf970e-3142-edf7-fc38-e86a0dac6a78.htm" />
  <HelpKINode Title="MainWindow.InitializeComponent method" Url="html/b1a834f3-c998-6cca-0ef1-b1c09d2a4f22.htm" />
  <HelpKINode Title="MainWindow.MainWindow constructor" Url="html/d0dc5bc1-661c-6504-fa69-26f707e0c5ef.htm" />
  <HelpKINode Title="MainWindow.startMusic method" Url="html/202f4f8a-c496-5530-bc78-338a916189de.htm" />
  <HelpKINode Title="MainWindow._contentLoaded field" Url="html/3023a230-3046-0972-b59d-cd65ffcc263d.htm" />
  <HelpKINode Title="maxCards field">
    <HelpKINode Title="HighNav.maxCards Field" Url="html/b2170c56-c802-84c7-ef8c-10a4b1649f9f.htm" />
    <HelpKINode Title="PlayNav.maxCards Field" Url="html/482a0d58-ea4d-e305-be51-195dab502046.htm" />
  </HelpKINode>
  <HelpKINode Title="Memory_Project namespace" Url="html/76cdd184-8d01-a55d-53ed-0957a658dfa8.htm" />
  <HelpKINode Title="Memory_Project.App class" Url="html/bced143d-2637-eb07-60b3-6e0384051fca.htm" />
  <HelpKINode Title="Memory_Project.Board class" Url="html/c2b4791c-b4e8-7c5e-c4fb-7bb1942a58a3.htm" />
  <HelpKINode Title="Memory_Project.BoardView class" Url="html/b1b3a586-dd1a-2916-934b-f6b7535bb275.htm" />
  <HelpKINode Title="Memory_Project.Card class" Url="html/8ec71852-6a45-5ab1-c8d7-8f3284790120.htm" />
  <HelpKINode Title="Memory_Project.ConfigView class" Url="html/c7408664-f47e-8508-e8a3-56a311e9efd2.htm" />
  <HelpKINode Title="Memory_Project.FinishedView class" Url="html/15d9b4ef-4c5c-ec8a-f262-5b4bbf57705d.htm" />
  <HelpKINode Title="Memory_Project.GameController class" Url="html/d9f136d5-ec7c-e855-6dec-bc8b0bf35a7e.htm" />
  <HelpKINode Title="Memory_Project.HighNav class" Url="html/3bc96dbe-2773-16d4-600b-80ff7ab1e26a.htm" />
  <HelpKINode Title="Memory_Project.HighScores class" Url="html/1cdaacdf-5872-a2a5-d545-a54cebd0d278.htm" />
  <HelpKINode Title="Memory_Project.MainNav class" Url="html/dd3e7415-341d-0a14-768e-e21b28c92881.htm" />
  <HelpKINode Title="Memory_Project.MainWindow class" Url="html/b32701db-de73-2590-b33b-e0e322ec2c88.htm" />
  <HelpKINode Title="Memory_Project.Player class" Url="html/d9b31d70-e8fb-8f64-5569-e125c7eb46a0.htm" />
  <HelpKINode Title="Memory_Project.PlayNav class" Url="html/d10f86d2-d98c-09bc-7c83-7d22f5ae72c6.htm" />
  <HelpKINode Title="menuButtons field" Url="html/51df00b2-47fa-2475-4c74-62566026f57e.htm" />
  <HelpKINode Title="Mode_Change method" Url="html/2413c3e6-34d1-e02c-2704-395c6a9cdabd.htm" />
  <HelpKINode Title="MusicToggle method" Url="html/010b21fe-fed2-d7ad-08b7-4ab5a342e4da.htm" />
  <HelpKINode Title="name field">
    <HelpKINode Title="HighScores.name Field" Url="html/0c1f3dc9-bd17-0c8b-3e1e-4cbe337c3cf5.htm" />
    <HelpKINode Title="Player.name Field" Url="html/63b41651-8f30-525b-3c04-5828010c1a2d.htm" />
  </HelpKINode>
  <HelpKINode Title="NavGrid field" Url="html/022031c6-4450-0a4c-aeda-73b000f3f270.htm" />
  <HelpKINode Title="new_click method" Url="html/805f4132-b746-86cc-2481-496fd7c0a3a3.htm" />
  <HelpKINode Title="next_click method" Url="html/bbf707f7-afec-99bc-aee6-3a5ea1e08228.htm" />
  <HelpKINode Title="NHLStenden field" Url="html/8d6de7f9-40ab-a196-c87a-e6ce3162df4b.htm" />
  <HelpKINode Title="NHLStenden_Click method" Url="html/e207666e-5ba6-1c2f-a963-f142c207c5d2.htm" />
  <HelpKINode Title="play field" Url="html/b4c3388e-91b8-9593-9228-45a20769ef3c.htm" />
  <HelpKINode Title="Player class">
    <HelpKINode Title="Player Class" Url="html/d9b31d70-e8fb-8f64-5569-e125c7eb46a0.htm" />
    <HelpKINode Title="constructor" Url="html/99c68ec1-15b8-964f-b993-b75e7ca061d5.htm" />
    <HelpKINode Title="fields" Url="html/adbc2d2f-db67-3cc4-91fe-c4bed2d640d9.htm" />
    <HelpKINode Title="methods" Url="html/29839926-e3d0-7436-b6db-b41ca3258f6a.htm" />
  </HelpKINode>
  <HelpKINode Title="Player.addCards method" Url="html/24599d1c-74bc-2b85-9982-3553e6bc527b.htm" />
  <HelpKINode Title="Player.clickedButtons field" Url="html/95fcb06e-d950-27fd-3c8d-750aa350008a.htm" />
  <HelpKINode Title="Player.collectedCards field" Url="html/7f46f3f2-3a45-3719-b7bc-89b7c33228be.htm" />
  <HelpKINode Title="Player.getClickedBtns method" Url="html/45548471-b206-2d56-5f85-e48bcb6d9349.htm" />
  <HelpKINode Title="Player.getName method" Url="html/5a132c3d-5373-545b-1622-ee2705c4f7cd.htm" />
  <HelpKINode Title="Player.getScore method" Url="html/79982c49-973d-35fb-7b6a-ca8a01ee183b.htm" />
  <HelpKINode Title="Player.increaseScore method" Url="html/c1185b89-9923-2ec5-ee38-5f615b319552.htm" />
  <HelpKINode Title="Player.name field" Url="html/63b41651-8f30-525b-3c04-5828010c1a2d.htm" />
  <HelpKINode Title="Player.Player constructor" Url="html/99c68ec1-15b8-964f-b993-b75e7ca061d5.htm" />
  <HelpKINode Title="Player.remakeButtonList method" Url="html/04e4db5a-0fd3-fdd3-3b10-fab5ce28f876.htm" />
  <HelpKINode Title="Player.score field" Url="html/9273c6d4-6913-66ce-bd81-cb90518cf69c.htm" />
  <HelpKINode Title="Player.setName method" Url="html/7e570945-00a0-9c4c-88d6-22e05dd2b143.htm" />
  <HelpKINode Title="Player.setScore method" Url="html/3a5ebe02-5f68-4916-3721-ab06c29e3460.htm" />
  <HelpKINode Title="Player0 field" Url="html/34129c5c-e541-fe76-eea3-f6c5c9aa8d44.htm" />
  <HelpKINode Title="Player1 field" Url="html/93bcefff-c700-e1f9-a77e-441f799aff1c.htm" />
  <HelpKINode Title="Player2 field" Url="html/bf469727-5c8d-ee02-08e3-9cd891689cc1.htm" />
  <HelpKINode Title="Player3 field" Url="html/ca4da013-2d88-fe22-a11a-eb5d21514c94.htm" />
  <HelpKINode Title="PlayerChanged method" Url="html/fc7d768f-4bad-e95a-27f6-740a2351039e.htm" />
  <HelpKINode Title="playerGrid field" Url="html/124e9132-fd85-eb8a-7a37-97f2f4057304.htm" />
  <HelpKINode Title="PlayerGrid field" Url="html/c7cebc34-901b-91c9-f21d-65151faaee72.htm" />
  <HelpKINode Title="players field">
    <HelpKINode Title="HighScores.players Field" Url="html/a92f7da3-ce93-bc08-e52d-659f4f516cd5.htm" />
    <HelpKINode Title="BoardView.players Field" Url="html/270d6a0f-c612-0a39-ab63-7f516a53031b.htm" />
    <HelpKINode Title="GameController.players Field" Url="html/acedee6e-1096-f9cb-d887-758321114a3f.htm" />
  </HelpKINode>
  <HelpKINode Title="Players field" Url="html/7a9e2848-04b1-56c7-c9f7-eee2df3a5afa.htm" />
  <HelpKINode Title="playGrid field" Url="html/99d08fee-b53c-6d42-8067-571a195b98e5.htm" />
  <HelpKINode Title="PlayNav class">
    <HelpKINode Title="PlayNav Class" Url="html/d10f86d2-d98c-09bc-7c83-7d22f5ae72c6.htm" />
    <HelpKINode Title="constructor" Url="html/e472e163-9238-ed27-5a65-9047faf467a5.htm" />
    <HelpKINode Title="events" Url="html/38ada310-8d09-514e-0130-265c55d141b0.htm" />
    <HelpKINode Title="fields" Url="html/87ad0615-4b4b-a55a-55be-d1ad701b84c1.htm" />
    <HelpKINode Title="methods" Url="html/b9aea1d9-4ceb-ff98-249d-b967d73d076a.htm" />
    <HelpKINode Title="properties" Url="html/f9a16631-c4f3-d704-fc6b-37aea7bf26f7.htm" />
  </HelpKINode>
  <HelpKINode Title="PlayNav.BackgroundImg field" Url="html/1a2e5645-c9d0-6e9b-8058-51628c5fb371.htm" />
  <HelpKINode Title="PlayNav.back_click method" Url="html/05c35068-5add-e399-87cb-b823ab792726.htm" />
  <HelpKINode Title="PlayNav.cbItems1 property" Url="html/30528acb-a968-18ec-d3cf-522d38f016f0.htm" />
  <HelpKINode Title="PlayNav.cbItems2 property" Url="html/2acc3c60-fdd5-79d1-4fae-73654492dbc6.htm" />
  <HelpKINode Title="PlayNav.comboboxItems1 method" Url="html/dcaf793b-ed1d-fc9d-06ad-ddcd00e65a3e.htm" />
  <HelpKINode Title="PlayNav.comboboxItems2 method" Url="html/504be7f9-0533-5376-b0cb-bb3e9a75fb98.htm" />
  <HelpKINode Title="PlayNav.comboHeight field" Url="html/620312a7-b95c-0126-0640-704f7dc46f7c.htm" />
  <HelpKINode Title="PlayNav.comboWidth field" Url="html/bc915ca3-2672-d1ed-e829-f6bf28b7e2aa.htm" />
  <HelpKINode Title="PlayNav.InitializeComponent method" Url="html/75a78442-66a5-bb5b-686c-cddb81973ddf.htm" />
  <HelpKINode Title="PlayNav.InitializePlayers method" Url="html/0508c8f7-d6d3-61f0-81bf-90a88da172ab.htm" />
  <HelpKINode Title="PlayNav.load_Click method" Url="html/cccbe419-6f74-3e62-7097-17eea672722e.htm" />
  <HelpKINode Title="PlayNav.maxCards field" Url="html/482a0d58-ea4d-e305-be51-195dab502046.htm" />
  <HelpKINode Title="PlayNav.new_click method" Url="html/805f4132-b746-86cc-2481-496fd7c0a3a3.htm" />
  <HelpKINode Title="PlayNav.Player0 field" Url="html/34129c5c-e541-fe76-eea3-f6c5c9aa8d44.htm" />
  <HelpKINode Title="PlayNav.Player1 field" Url="html/93bcefff-c700-e1f9-a77e-441f799aff1c.htm" />
  <HelpKINode Title="PlayNav.Player2 field" Url="html/bf469727-5c8d-ee02-08e3-9cd891689cc1.htm" />
  <HelpKINode Title="PlayNav.Player3 field" Url="html/ca4da013-2d88-fe22-a11a-eb5d21514c94.htm" />
  <HelpKINode Title="PlayNav.PlayerChanged method" Url="html/fc7d768f-4bad-e95a-27f6-740a2351039e.htm" />
  <HelpKINode Title="PlayNav.Players field" Url="html/7a9e2848-04b1-56c7-c9f7-eee2df3a5afa.htm" />
  <HelpKINode Title="PlayNav.PlayNav constructor" Url="html/e472e163-9238-ed27-5a65-9047faf467a5.htm" />
  <HelpKINode Title="PlayNav.RichTextKeyDown0 method" Url="html/95126bed-18ad-a723-51a0-31acc01a4c33.htm" />
  <HelpKINode Title="PlayNav.RichTextKeyDown1 method" Url="html/7be1b5b9-b572-8407-9071-7c2304570026.htm" />
  <HelpKINode Title="PlayNav.RichTextKeyDown2 method" Url="html/0723d164-8caf-6373-94b8-a491ddc1c2dc.htm" />
  <HelpKINode Title="PlayNav.RichTextKeyDown3 method" Url="html/0b7763e4-345a-17fc-3ada-b473f60a3214.htm" />
  <HelpKINode Title="PlayNav.SelectedcbItem1 property" Url="html/4adfbe6d-7136-7fb2-2477-13abb257564f.htm" />
  <HelpKINode Title="PlayNav.SelectedcbItem2 property" Url="html/bdd7c4d6-b422-e75e-bf84-4ce7940938ec.htm" />
  <HelpKINode Title="PlayNav.serializer field" Url="html/64f054e9-080b-b006-4660-b07dc31dbdaf.htm" />
  <HelpKINode Title="PlayNav.StringFromRichTextBox method" Url="html/a6820ffd-4755-3211-c9f2-eb066ab6d317.htm" />
  <HelpKINode Title="PlayNav.textBoxVisibility1 property" Url="html/ef905085-b637-6780-4fab-9a0c6f63f536.htm" />
  <HelpKINode Title="PlayNav.textBoxVisibility2 property" Url="html/a07647ce-5845-74a9-fc1f-705109a98325.htm" />
  <HelpKINode Title="PlayNav.textBoxVisibility3 property" Url="html/04f9f31f-7d98-1286-3e6e-7bd150a74831.htm" />
  <HelpKINode Title="PlayNav.textBoxVisibility4 property" Url="html/90ccf84b-7da0-f75f-213e-a2c8bb5c1fb8.htm" />
  <HelpKINode Title="PlayNav.theme field" Url="html/92b65e29-cf1f-fd30-34d4-817d66780b9a.htm" />
  <HelpKINode Title="PlayNav._contentLoaded field" Url="html/900fd05b-7416-e6a9-771f-ea440105976c.htm" />
  <HelpKINode Title="play_click method" Url="html/f60233d6-921c-6ccc-302f-b215f41fd835.htm" />
  <HelpKINode Title="prepareBoard method" Url="html/3afc7643-7829-edc4-77c8-d477bed24187.htm" />
  <HelpKINode Title="prepareCards method" Url="html/ddc81a3d-db0f-bd5a-b0f8-8d5337cf0655.htm" />
  <HelpKINode Title="prev_click method" Url="html/4782aac7-9943-ec63-fa05-123af6d4b012.htm" />
  <HelpKINode Title="remakeButtonList method" Url="html/04e4db5a-0fd3-fdd3-3b10-fab5ce28f876.htm" />
  <HelpKINode Title="removeCard method" Url="html/633ec812-b1ba-1b69-99c3-e93100e892f8.htm" />
  <HelpKINode Title="replay field" Url="html/90d7a64e-461b-6cd8-06b1-53e41163eb9f.htm" />
  <HelpKINode Title="replay_Click method" Url="html/36e2d1a1-e45b-736d-050d-b7bf3ad73da7.htm" />
  <HelpKINode Title="RichTextKeyDown0 method" Url="html/95126bed-18ad-a723-51a0-31acc01a4c33.htm" />
  <HelpKINode Title="RichTextKeyDown1 method" Url="html/7be1b5b9-b572-8407-9071-7c2304570026.htm" />
  <HelpKINode Title="RichTextKeyDown2 method" Url="html/0723d164-8caf-6373-94b8-a491ddc1c2dc.htm" />
  <HelpKINode Title="RichTextKeyDown3 method" Url="html/0b7763e4-345a-17fc-3ada-b473f60a3214.htm" />
  <HelpKINode Title="Save method">
    <HelpKINode Title="GameController.Save Method " Url="html/ebe4dd3b-1be1-10e4-b0b1-a6400c718d9f.htm" />
    <HelpKINode Title="HighScores.Save Method " Url="html/b9979017-44c8-579a-4b0e-1a37eef60e40.htm" />
  </HelpKINode>
  <HelpKINode Title="score field">
    <HelpKINode Title="HighScores.score Field" Url="html/29a15a58-07a1-d9ea-e786-9847683c6ad9.htm" />
    <HelpKINode Title="Player.score Field" Url="html/9273c6d4-6913-66ce-bd81-cb90518cf69c.htm" />
  </HelpKINode>
  <HelpKINode Title="scoreincrease method" Url="html/2a05fbcd-7613-20a9-e5c9-cd6f2d9da421.htm" />
  <HelpKINode Title="select field" Url="html/754b7b0c-bc2c-1bea-839a-5bf0d8c641a3.htm" />
  <HelpKINode Title="SelectCard method" Url="html/e84f654b-133a-3206-d9ad-8144a4d580f0.htm" />
  <HelpKINode Title="selectedCards field" Url="html/6dd279f2-1bef-9627-17cd-ef996d6a94af.htm" />
  <HelpKINode Title="SelectedcbItem1 property" Url="html/4adfbe6d-7136-7fb2-2477-13abb257564f.htm" />
  <HelpKINode Title="SelectedcbItem2 property" Url="html/bdd7c4d6-b422-e75e-bf84-4ce7940938ec.htm" />
  <HelpKINode Title="selectImg method" Url="html/cf547e80-fe6a-c73d-c314-90007f74ab66.htm" />
  <HelpKINode Title="serializer field">
    <HelpKINode Title="FinishedView.serializer Field" Url="html/c75c64b1-60cd-b1c9-7b19-31ecd81c548f.htm" />
    <HelpKINode Title="GameController.serializer Field" Url="html/0960f19d-13f1-61a1-46d0-a615ba654afb.htm" />
    <HelpKINode Title="HighScores.serializer Field" Url="html/ccae7b85-6895-6818-ea4f-a1cd9f8a407c.htm" />
    <HelpKINode Title="PlayNav.serializer Field" Url="html/64f054e9-080b-b006-4660-b07dc31dbdaf.htm" />
  </HelpKINode>
  <HelpKINode Title="setColor method" Url="html/1b66886c-a465-db1c-e0cc-47c008456cdd.htm" />
  <HelpKINode Title="setLonely method" Url="html/2d1314ce-1087-fedb-0395-1c418f8f9d56.htm" />
  <HelpKINode Title="setName method" Url="html/7e570945-00a0-9c4c-88d6-22e05dd2b143.htm" />
  <HelpKINode Title="setScore method" Url="html/3a5ebe02-5f68-4916-3721-ab06c29e3460.htm" />
  <HelpKINode Title="setSerializer method" Url="html/3e07ac2b-b419-d4c9-d566-9b7e2319ceef.htm" />
  <HelpKINode Title="SetTheme method" Url="html/0958d066-25a3-7182-39f6-48591794c50e.htm" />
  <HelpKINode Title="setView method" Url="html/19d14a29-c8ca-6542-1b32-1eca4210fc46.htm" />
  <HelpKINode Title="setWinnerText method" Url="html/e002a410-3a5f-9111-84ed-d545c6848c59.htm" />
  <HelpKINode Title="SoundToggle field" Url="html/7ecfcfd7-434c-a0e2-c82e-c611c88193f6.htm" />
  <HelpKINode Title="SoundToggle_Checked method" Url="html/f02305de-336c-4f38-a260-310cf28c6012.htm" />
  <HelpKINode Title="SoundToggle_Unchecked method" Url="html/d45e8f13-d360-0f15-0597-d3cd01a3fce8.htm" />
  <HelpKINode Title="startMusic method" Url="html/202f4f8a-c496-5530-bc78-338a916189de.htm" />
  <HelpKINode Title="StringFromRichTextBox method" Url="html/a6820ffd-4755-3211-c9f2-eb066ab6d317.htm" />
  <HelpKINode Title="textBoxVisibility1 property" Url="html/ef905085-b637-6780-4fab-9a0c6f63f536.htm" />
  <HelpKINode Title="textBoxVisibility2 property" Url="html/a07647ce-5845-74a9-fc1f-705109a98325.htm" />
  <HelpKINode Title="textBoxVisibility3 property" Url="html/04f9f31f-7d98-1286-3e6e-7bd150a74831.htm" />
  <HelpKINode Title="textBoxVisibility4 property" Url="html/90ccf84b-7da0-f75f-213e-a2c8bb5c1fb8.htm" />
  <HelpKINode Title="theme field">
    <HelpKINode Title="BoardView.theme Field" Url="html/45c34ce6-6a3f-7822-e6f4-805943362a8b.htm" />
    <HelpKINode Title="FinishedView.theme Field" Url="html/d3257e59-ce41-b641-8d30-5b4efba93d46.htm" />
    <HelpKINode Title="GameController.theme Field" Url="html/e50de046-7917-9f9f-441a-f0722eafcfe9.htm" />
    <HelpKINode Title="MainNav.theme Field" Url="html/5a9aa402-774a-1469-281b-0a7916e2bbfb.htm" />
    <HelpKINode Title="PlayNav.theme Field" Url="html/92b65e29-cf1f-fd30-34d4-817d66780b9a.htm" />
  </HelpKINode>
  <HelpKINode Title="theme_click method" Url="html/10ed9d21-617f-7d52-597f-d196e95d08ee.htm" />
  <HelpKINode Title="turnCheck method" Url="html/cb9b699a-9010-0878-5f32-dbfbe8953cfa.htm" />
  <HelpKINode Title="turnCounter field">
    <HelpKINode Title="BoardView.turnCounter Field" Url="html/c31c33e1-d2be-c55b-0b9a-2bf51d1534cc.htm" />
    <HelpKINode Title="GameController.turnCounter Field" Url="html/32efd708-4e86-9c5d-7379-cae237ea5edc.htm" />
  </HelpKINode>
  <HelpKINode Title="TurnGrid field" Url="html/bce6b6a7-a950-2feb-aa1e-c17c7de82b23.htm" />
  <HelpKINode Title="turnHandler method" Url="html/1aed7d4d-d356-f7cf-986d-acf856c23b06.htm" />
  <HelpKINode Title="unevenClick method" Url="html/cc809181-8f42-c9cf-4e78-59e4d23ecfd9.htm" />
  <HelpKINode Title="updateScore method" Url="html/8549de28-8188-51a7-3c7b-469f9e171db9.htm" />
  <HelpKINode Title="updateTurnCounter method" Url="html/df1bdd1c-d8a7-5b65-b263-af4b20c17a11.htm" />
  <HelpKINode Title="view field">
    <HelpKINode Title="Board.view Field" Url="html/7f28342e-a826-a8da-25e8-dae4598fec20.htm" />
    <HelpKINode Title="GameController.view Field" Url="html/cfe48e25-d5f3-bb9c-7837-e64a75568e64.htm" />
  </HelpKINode>
  <HelpKINode Title="Width field" Url="html/ab227f03-cfb7-619f-ae00-b1992f4bab69.htm" />
  <HelpKINode Title="width field">
    <HelpKINode Title="Board.width Field" Url="html/b5d3e228-3594-4850-9d26-84331f0fa6f8.htm" />
    <HelpKINode Title="GameController.width Field" Url="html/9e28a5d1-71d3-255a-a4fa-8365e5798286.htm" />
    <HelpKINode Title="HighScores.width Field" Url="html/7ea5cb03-f822-2057-5d76-30938a24b667.htm" />
  </HelpKINode>
  <HelpKINode Title="WinnerText field" Url="html/0f4fadf5-8d64-e3a0-a9c2-fdb1db7958f5.htm" />
  <HelpKINode Title="xPos field" Url="html/905bfc34-a510-a0ea-9035-8fdf81635564.htm" />
  <HelpKINode Title="yPos field" Url="html/c38765ac-404e-9fc8-2050-ab660513622b.htm" />
  <HelpKINode Title="_contentLoaded field">
    <HelpKINode Title="App._contentLoaded Field" Url="html/725c4fa2-962e-08b9-b7eb-1070c87486c8.htm" />
    <HelpKINode Title="BoardView._contentLoaded Field" Url="html/03c3c73e-fcbe-5a3e-41d1-13a97d087722.htm" />
    <HelpKINode Title="ConfigView._contentLoaded Field" Url="html/2592aaf9-0b0a-d6c3-ea68-d9b94012d4aa.htm" />
    <HelpKINode Title="FinishedView._contentLoaded Field" Url="html/e39cb200-3845-b277-b8cf-14ced1cb4bfa.htm" />
    <HelpKINode Title="HighNav._contentLoaded Field" Url="html/783073a4-32eb-49ac-2a05-f4a6d831aeff.htm" />
    <HelpKINode Title="MainNav._contentLoaded Field" Url="html/1d502133-c358-27ba-3006-c6507cadb977.htm" />
    <HelpKINode Title="MainWindow._contentLoaded Field" Url="html/3023a230-3046-0972-b59d-cd65ffcc263d.htm" />
    <HelpKINode Title="PlayNav._contentLoaded Field" Url="html/900fd05b-7416-e6a9-771f-ea440105976c.htm" />
  </HelpKINode>
</HelpKI>
