﻿<?xml version="1.0" encoding="utf-8"?><HelpTOCNode Title="BoardView Fields" Url="html/0bd2adb3-3392-4ec8-db6e-7a2175a1deb7.htm"><HelpTOCNode Title="_contentLoaded Field" Url="html/03c3c73e-fcbe-5a3e-41d1-13a97d087722.htm" /><HelpTOCNode Title="BackgroundImg Field" Url="html/5921cfcc-53a2-a237-aed6-951471469015.htm" /><HelpTOCNode Title="btnGrid Field" Url="html/bab108e6-101b-4ea5-c843-53999d29f330.htm" /><HelpTOCNode Title="controller Field" Url="html/536f9e87-ddcb-e009-9cd7-39f22772ea5d.htm" /><HelpTOCNode Title="currentPlayer Field" Url="html/a6e7affe-6a43-31a8-73d6-0c29eb1d69e9.htm" /><HelpTOCNode Title="leftPanel Field" Url="html/ed432e2c-5122-6b7e-ffed-b1e663e92536.htm" /><HelpTOCNode Title="mainPanel Field" Url="html/e7c0a149-40ad-b7bb-4d80-97e621dedab8.htm" /><HelpTOCNode Title="NavGrid Field" Url="html/022031c6-4450-0a4c-aeda-73b000f3f270.htm" /><HelpTOCNode Title="PlayerGrid Field" Url="html/c7cebc34-901b-91c9-f21d-65151faaee72.htm" /><HelpTOCNode Title="players Field" Url="html/270d6a0f-c612-0a39-ab63-7f516a53031b.htm" /><HelpTOCNode Title="playGrid Field" Url="html/99d08fee-b53c-6d42-8067-571a195b98e5.htm" /><HelpTOCNode Title="select Field" Url="html/754b7b0c-bc2c-1bea-839a-5bf0d8c641a3.htm" /><HelpTOCNode Title="theme Field" Url="html/45c34ce6-6a3f-7822-e6f4-805943362a8b.htm" /><HelpTOCNode Title="turnCounter Field" Url="html/c31c33e1-d2be-c55b-0b9a-2bf51d1534cc.htm" /><HelpTOCNode Title="TurnGrid Field" Url="html/bce6b6a7-a950-2feb-aa1e-c17c7de82b23.htm" /></HelpTOCNode>