﻿<?xml version="1.0" encoding="utf-8"?><HelpTOCNode Title="Player Methods" Url="html/29839926-e3d0-7436-b6db-b41ca3258f6a.htm"><HelpTOCNode Title="addCards Method " Url="html/24599d1c-74bc-2b85-9982-3553e6bc527b.htm" /><HelpTOCNode Title="getClickedBtns Method " Url="html/45548471-b206-2d56-5f85-e48bcb6d9349.htm" /><HelpTOCNode Title="getName Method " Url="html/5a132c3d-5373-545b-1622-ee2705c4f7cd.htm" /><HelpTOCNode Title="getScore Method " Url="html/79982c49-973d-35fb-7b6a-ca8a01ee183b.htm" /><HelpTOCNode Title="increaseScore Method " Url="html/c1185b89-9923-2ec5-ee38-5f615b319552.htm" /><HelpTOCNode Title="remakeButtonList Method " Url="html/04e4db5a-0fd3-fdd3-3b10-fab5ce28f876.htm" /><HelpTOCNode Title="setName Method " Url="html/7e570945-00a0-9c4c-88d6-22e05dd2b143.htm" /><HelpTOCNode Title="setScore Method " Url="html/3a5ebe02-5f68-4916-3721-ab06c29e3460.htm" /></HelpTOCNode>