﻿<?xml version="1.0" encoding="utf-8"?><HelpTOCNode Title="BoardView Methods" Url="html/31b05b9d-8bc9-e7f4-3fa6-877b38acf2dd.htm"><HelpTOCNode Title="addCard Method " Url="html/652dd3c1-c3d0-78d3-fbd9-9288c86deb57.htm" /><HelpTOCNode Title="addToGrid Method " Url="html/5ac4737f-cf44-c851-bf50-fd6a4eb25a48.htm" /><HelpTOCNode Title="btnClicks Method " Url="html/e705e028-7a82-d7b3-372a-5cf1ea533ae6.htm" /><HelpTOCNode Title="card_click Method " Url="html/e58699c5-5d46-d9df-78e5-caf54fcb8551.htm" /><HelpTOCNode Title="compareCards Method " Url="html/ddd1f5db-dfdb-24df-e75d-49a4c1e485f9.htm" /><HelpTOCNode Title="determineWinner Method " Url="html/28133af2-647e-f284-3638-f76ea61aacd9.htm" /><HelpTOCNode Title="displayFinishScreen Method " Url="html/fdc8c9ac-7805-44e5-b992-bb106bfa3042.htm" /><HelpTOCNode Title="flipCard Method " Url="html/80b9f25f-00ff-4e15-c463-d37c53f94812.htm" /><HelpTOCNode Title="InitializeComponent Method " Url="html/bf66e193-1d26-32fc-2140-d1b9f907a67e.htm" /><HelpTOCNode Title="loadButtons Method " Url="html/5586c4a1-4695-c694-12fb-39fb2ea56119.htm" /><HelpTOCNode Title="loadPlayers Method " Url="html/de40e962-027a-0eef-b289-77b9186a9c63.htm" /><HelpTOCNode Title="loadUnevenButton Method " Url="html/87c184f5-5e6e-c041-9276-d510d02d4473.htm" /><HelpTOCNode Title="LonelyCard Method " Url="html/3270db67-bf6f-93bc-0465-07b1975f8713.htm" /><HelpTOCNode Title="scoreincrease Method " Url="html/2a05fbcd-7613-20a9-e5c9-cd6f2d9da421.htm" /><HelpTOCNode Title="setColor Method " Url="html/1b66886c-a465-db1c-e0cc-47c008456cdd.htm" /><HelpTOCNode Title="turnCheck Method " Url="html/cb9b699a-9010-0878-5f32-dbfbe8953cfa.htm" /><HelpTOCNode Title="turnHandler Method " Url="html/1aed7d4d-d356-f7cf-986d-acf856c23b06.htm" /><HelpTOCNode Title="unevenClick Method " Url="html/cc809181-8f42-c9cf-4e78-59e4d23ecfd9.htm" /><HelpTOCNode Title="updateScore Method " Url="html/8549de28-8188-51a7-3c7b-469f9e171db9.htm" /><HelpTOCNode Title="updateTurnCounter Method " Url="html/df1bdd1c-d8a7-5b65-b263-af4b20c17a11.htm" /></HelpTOCNode>