﻿<?xml version="1.0" encoding="utf-8"?><HelpTOCNode Title="MainNav Fields" Url="html/3b57a162-e3c1-6d74-a5a7-605d6b1af9a7.htm"><HelpTOCNode Title="_contentLoaded Field" Url="html/1d502133-c358-27ba-3006-c6507cadb977.htm" /><HelpTOCNode Title="BackgroundImg Field" Url="html/d0d5a1d6-1f00-fa19-bb04-7767361ed6af.htm" /><HelpTOCNode Title="close Field" Url="html/bdae68d5-0847-b403-631a-257eafdf202c.htm" /><HelpTOCNode Title="config Field" Url="html/db6ff640-8688-7626-c8d7-4817df6044c8.htm" /><HelpTOCNode Title="Height Field" Url="html/b2b77d3d-a29b-828f-d86a-cb4069f478bc.htm" /><HelpTOCNode Title="HighGrid Field" Url="html/321e7764-a603-b02c-a745-e1461bcc46a6.htm" /><HelpTOCNode Title="hiscr Field" Url="html/a7ae37db-a210-aefe-f55d-4a628c0fc39b.htm" /><HelpTOCNode Title="play Field" Url="html/b4c3388e-91b8-9593-9228-45a20769ef3c.htm" /><HelpTOCNode Title="theme Field" Url="html/5a9aa402-774a-1469-281b-0a7916e2bbfb.htm" /><HelpTOCNode Title="Width Field" Url="html/ab227f03-cfb7-619f-ae00-b1992f4bab69.htm" /></HelpTOCNode>