﻿<?xml version="1.0" encoding="utf-8"?><HelpTOCNode Title="GameController Fields" Url="html/630ed705-65ae-ff8d-9940-7ce74a9ba20d.htm"><HelpTOCNode Title="board Field" Url="html/26313c4f-c518-8193-89cc-89960e70c312.htm" /><HelpTOCNode Title="height Field" Url="html/effe512d-706f-2486-6d7c-efb2a4ec974e.htm" /><HelpTOCNode Title="players Field" Url="html/acedee6e-1096-f9cb-d887-758321114a3f.htm" /><HelpTOCNode Title="selectedCards Field" Url="html/6dd279f2-1bef-9627-17cd-ef996d6a94af.htm" /><HelpTOCNode Title="serializer Field" Url="html/0960f19d-13f1-61a1-46d0-a615ba654afb.htm" /><HelpTOCNode Title="theme Field" Url="html/e50de046-7917-9f9f-441a-f0722eafcfe9.htm" /><HelpTOCNode Title="turnCounter Field" Url="html/32efd708-4e86-9c5d-7379-cae237ea5edc.htm" /><HelpTOCNode Title="view Field" Url="html/cfe48e25-d5f3-bb9c-7837-e64a75568e64.htm" /><HelpTOCNode Title="width Field" Url="html/9e28a5d1-71d3-255a-a4fa-8365e5798286.htm" /></HelpTOCNode>