﻿<?xml version="1.0" encoding="utf-8"?><HelpTOCNode Title="FinishedView Fields" Url="html/75dedac9-66c3-e171-efff-1dec8be292c2.htm"><HelpTOCNode Title="_contentLoaded Field" Url="html/e39cb200-3845-b277-b8cf-14ced1cb4bfa.htm" /><HelpTOCNode Title="BackgroundImg Field" Url="html/bf0ad1c2-2772-808d-573b-d4d6e09c0028.htm" /><HelpTOCNode Title="cardX Field" Url="html/00e615bc-8b8d-477e-7f2f-feaf2dc4d7af.htm" /><HelpTOCNode Title="cardY Field" Url="html/65a956d6-3f39-b457-a799-de5b222a39f6.htm" /><HelpTOCNode Title="close Field" Url="html/8a2e16cc-6899-140a-3342-4fd11e94e0d4.htm" /><HelpTOCNode Title="mainPanel Field" Url="html/35b7638e-d923-0518-d5be-a1f926c8093d.htm" /><HelpTOCNode Title="menuButtons Field" Url="html/51df00b2-47fa-2475-4c74-62566026f57e.htm" /><HelpTOCNode Title="playerGrid Field" Url="html/124e9132-fd85-eb8a-7a37-97f2f4057304.htm" /><HelpTOCNode Title="replay Field" Url="html/90d7a64e-461b-6cd8-06b1-53e41163eb9f.htm" /><HelpTOCNode Title="serializer Field" Url="html/c75c64b1-60cd-b1c9-7b19-31ecd81c548f.htm" /><HelpTOCNode Title="theme Field" Url="html/d3257e59-ce41-b641-8d30-5b4efba93d46.htm" /><HelpTOCNode Title="WinnerText Field" Url="html/0f4fadf5-8d64-e3a0-a9c2-fdb1db7958f5.htm" /></HelpTOCNode>