﻿<?xml version="1.0" encoding="utf-8"?><HelpTOCNode Title="Memory_Project" Url="html/76cdd184-8d01-a55d-53ed-0957a658dfa8.htm"><HelpTOCNode Title="App Class" Url="html/bced143d-2637-eb07-60b3-6e0384051fca.htm" HasChildren="true" /><HelpTOCNode Title="Board Class" Url="html/c2b4791c-b4e8-7c5e-c4fb-7bb1942a58a3.htm" HasChildren="true" /><HelpTOCNode Title="BoardView Class" Url="html/b1b3a586-dd1a-2916-934b-f6b7535bb275.htm" HasChildren="true" /><HelpTOCNode Title="Card Class" Url="html/8ec71852-6a45-5ab1-c8d7-8f3284790120.htm" HasChildren="true" /><HelpTOCNode Title="ConfigView Class" Url="html/c7408664-f47e-8508-e8a3-56a311e9efd2.htm" HasChildren="true" /><HelpTOCNode Title="FinishedView Class" Url="html/15d9b4ef-4c5c-ec8a-f262-5b4bbf57705d.htm" HasChildren="true" /><HelpTOCNode Title="GameController Class" Url="html/d9f136d5-ec7c-e855-6dec-bc8b0bf35a7e.htm" HasChildren="true" /><HelpTOCNode Title="HighNav Class" Url="html/3bc96dbe-2773-16d4-600b-80ff7ab1e26a.htm" HasChildren="true" /><HelpTOCNode Title="HighScores Class" Url="html/1cdaacdf-5872-a2a5-d545-a54cebd0d278.htm" HasChildren="true" /><HelpTOCNode Title="MainNav Class" Url="html/dd3e7415-341d-0a14-768e-e21b28c92881.htm" HasChildren="true" /><HelpTOCNode Title="MainWindow Class" Url="html/b32701db-de73-2590-b33b-e0e322ec2c88.htm" HasChildren="true" /><HelpTOCNode Title="Player Class" Url="html/d9b31d70-e8fb-8f64-5569-e125c7eb46a0.htm" HasChildren="true" /><HelpTOCNode Title="PlayNav Class" Url="html/d10f86d2-d98c-09bc-7c83-7d22f5ae72c6.htm" HasChildren="true" /></HelpTOCNode>