﻿<?xml version="1.0" encoding="utf-8"?><HelpTOCNode Title="HighNav Methods" Url="html/85f8ee81-a812-78de-830e-d0f82330733f.htm"><HelpTOCNode Title="Avatar_Click Method " Url="html/2c3474f6-9830-19a5-062f-080fc0a3a76c.htm" /><HelpTOCNode Title="back_click Method " Url="html/827e19b0-9a34-e604-a5e4-09aa476a7714.htm" /><HelpTOCNode Title="InitializeComponent Method " Url="html/58cdaa4c-8fa9-d704-c68f-9392a7b9f1d4.htm" /><HelpTOCNode Title="LOTR_Click Method " Url="html/2a9b8875-e5a9-7481-cf1a-108e0296da63.htm" /><HelpTOCNode Title="next_click Method " Url="html/bbf707f7-afec-99bc-aee6-3a5ea1e08228.htm" /><HelpTOCNode Title="NHLStenden_Click Method " Url="html/e207666e-5ba6-1c2f-a963-f142c207c5d2.htm" /><HelpTOCNode Title="prev_click Method " Url="html/4782aac7-9943-ec63-fa05-123af6d4b012.htm" /><HelpTOCNode Title="SelectCard Method " Url="html/e84f654b-133a-3206-d9ad-8144a4d580f0.htm" /><HelpTOCNode Title="SetTheme Method " Url="html/0958d066-25a3-7182-39f6-48591794c50e.htm" /></HelpTOCNode>