﻿<?xml version="1.0" encoding="utf-8"?><HelpTOCNode Title="PlayNav Fields" Url="html/87ad0615-4b4b-a55a-55be-d1ad701b84c1.htm"><HelpTOCNode Title="_contentLoaded Field" Url="html/900fd05b-7416-e6a9-771f-ea440105976c.htm" /><HelpTOCNode Title="BackgroundImg Field" Url="html/1a2e5645-c9d0-6e9b-8058-51628c5fb371.htm" /><HelpTOCNode Title="comboHeight Field" Url="html/620312a7-b95c-0126-0640-704f7dc46f7c.htm" /><HelpTOCNode Title="comboWidth Field" Url="html/bc915ca3-2672-d1ed-e829-f6bf28b7e2aa.htm" /><HelpTOCNode Title="maxCards Field" Url="html/482a0d58-ea4d-e305-be51-195dab502046.htm" /><HelpTOCNode Title="Player0 Field" Url="html/34129c5c-e541-fe76-eea3-f6c5c9aa8d44.htm" /><HelpTOCNode Title="Player1 Field" Url="html/93bcefff-c700-e1f9-a77e-441f799aff1c.htm" /><HelpTOCNode Title="Player2 Field" Url="html/bf469727-5c8d-ee02-08e3-9cd891689cc1.htm" /><HelpTOCNode Title="Player3 Field" Url="html/ca4da013-2d88-fe22-a11a-eb5d21514c94.htm" /><HelpTOCNode Title="Players Field" Url="html/7a9e2848-04b1-56c7-c9f7-eee2df3a5afa.htm" /><HelpTOCNode Title="serializer Field" Url="html/64f054e9-080b-b006-4660-b07dc31dbdaf.htm" /><HelpTOCNode Title="theme Field" Url="html/92b65e29-cf1f-fd30-34d4-817d66780b9a.htm" /></HelpTOCNode>