﻿<?xml version="1.0" encoding="utf-8"?><HelpTOCNode Title="Board Fields" Url="html/a248b57a-6ccb-84b9-768d-f24e7eca3361.htm"><HelpTOCNode Title="availableCards Field" Url="html/186965b3-89d1-9169-a7f3-e4ece8736837.htm" /><HelpTOCNode Title="availableCoords Field" Url="html/e1e7a667-79a8-3cb9-89d0-d3ee4ece12c0.htm" /><HelpTOCNode Title="backpath Field" Url="html/0e07591a-eff9-c60c-90d6-439a6e3b6400.htm" /><HelpTOCNode Title="boardList Field" Url="html/d72e1343-0b1e-818e-b710-8de7101768bc.htm" /><HelpTOCNode Title="currentTheme Field" Url="html/65fa8096-204f-cc0f-74d7-b34ced9c1d6f.htm" /><HelpTOCNode Title="height Field" Url="html/5809c565-0f0a-bdab-9a2f-0f7c0dad3f78.htm" /><HelpTOCNode Title="view Field" Url="html/7f28342e-a826-a8da-25e8-dae4598fec20.htm" /><HelpTOCNode Title="width Field" Url="html/b5d3e228-3594-4850-9d26-84331f0fa6f8.htm" /></HelpTOCNode>