﻿<?xml version="1.0" encoding="utf-8"?><HelpTOCNode Title="GameController Methods" Url="html/b1cf0fed-a9e0-affc-121b-4159c85e9e84.htm"><HelpTOCNode Title="btnToCard Method " Url="html/d877a27e-0554-3fee-da29-29b6bbb0741a.htm" /><HelpTOCNode Title="createBoardView Method " Url="html/853058b3-703a-f4fa-b342-afbdf55e5659.htm" /><HelpTOCNode Title="gameFin Method " Url="html/12a21b0e-b0e9-acf9-4897-23374aa25e56.htm" /><HelpTOCNode Title="getBoard Method " Url="html/c3b6abd0-60b4-fe88-5c2b-9c42164b4908.htm" /><HelpTOCNode Title="getHeight Method " Url="html/76527a06-129a-2e3e-137f-edf50292d3b9.htm" /><HelpTOCNode Title="getSerializer Method " Url="html/0fb7f983-9a8d-d3c5-5f32-be21a18b93cb.htm" /><HelpTOCNode Title="getView Method " Url="html/753058bb-4e32-8032-d5b3-d34334c452f7.htm" /><HelpTOCNode Title="getWidth Method " Url="html/d00dd481-fb24-a0bf-e7d5-17263381b02a.htm" /><HelpTOCNode Title="removeCard Method " Url="html/633ec812-b1ba-1b69-99c3-e93100e892f8.htm" /><HelpTOCNode Title="Save Method " Url="html/ebe4dd3b-1be1-10e4-b0b1-a6400c718d9f.htm" /><HelpTOCNode Title="setSerializer Method " Url="html/3e07ac2b-b419-d4c9-d566-9b7e2319ceef.htm" /></HelpTOCNode>