﻿<?xml version="1.0" encoding="utf-8"?><HelpTOCNode Title="Board Methods" Url="html/b63f61f9-af04-cf26-afd3-615021bd2e37.htm"><HelpTOCNode Title="coords Method " Url="html/91a45a05-0f7c-d682-5a45-cb13ddf97fed.htm" /><HelpTOCNode Title="generateCoords Method " Url="html/499cf4d3-d358-126d-9c3d-6845eaa49093.htm" /><HelpTOCNode Title="generateImages Method " Url="html/3ca62bca-b062-237a-8044-1529bf82aa6b.htm" /><HelpTOCNode Title="genRand Method " Url="html/07361e2c-ad49-2a56-15c8-7d74fe4b32b4.htm" /><HelpTOCNode Title="getBoardList Method " Url="html/df384dfe-c2e6-e7bf-88d3-999976f1c8c9.htm" /><HelpTOCNode Title="getFrontImg Method " Url="html/20147680-33e6-4337-a76e-0c4536031363.htm" /><HelpTOCNode Title="listShuffle Method " Url="html/b6fe6f78-dd91-8c5f-09f3-6834ec160b2c.htm" /><HelpTOCNode Title="locationToCard Method " Url="html/2e96807a-9ab2-b1a8-534c-8fbcb8542e2e.htm" /><HelpTOCNode Title="prepareBoard Method " Url="html/3afc7643-7829-edc4-77c8-d477bed24187.htm" /><HelpTOCNode Title="prepareCards Method " Url="html/ddc81a3d-db0f-bd5a-b0f8-8d5337cf0655.htm" /><HelpTOCNode Title="selectImg Method " Url="html/cf547e80-fe6a-c73d-c314-90007f74ab66.htm" /><HelpTOCNode Title="setView Method " Url="html/19d14a29-c8ca-6542-1b32-1eca4210fc46.htm" /></HelpTOCNode>