﻿<?xml version="1.0" encoding="utf-8"?><HelpTOCNode Title="PlayNav Methods" Url="html/b9aea1d9-4ceb-ff98-249d-b967d73d076a.htm"><HelpTOCNode Title="back_click Method " Url="html/05c35068-5add-e399-87cb-b823ab792726.htm" /><HelpTOCNode Title="comboboxItems1 Method " Url="html/dcaf793b-ed1d-fc9d-06ad-ddcd00e65a3e.htm" /><HelpTOCNode Title="comboboxItems2 Method " Url="html/504be7f9-0533-5376-b0cb-bb3e9a75fb98.htm" /><HelpTOCNode Title="InitializeComponent Method " Url="html/75a78442-66a5-bb5b-686c-cddb81973ddf.htm" /><HelpTOCNode Title="InitializePlayers Method " Url="html/0508c8f7-d6d3-61f0-81bf-90a88da172ab.htm" /><HelpTOCNode Title="load_Click Method " Url="html/cccbe419-6f74-3e62-7097-17eea672722e.htm" /><HelpTOCNode Title="new_click Method " Url="html/805f4132-b746-86cc-2481-496fd7c0a3a3.htm" /><HelpTOCNode Title="PlayerChanged Method " Url="html/fc7d768f-4bad-e95a-27f6-740a2351039e.htm" /><HelpTOCNode Title="RichTextKeyDown0 Method " Url="html/95126bed-18ad-a723-51a0-31acc01a4c33.htm" /><HelpTOCNode Title="RichTextKeyDown1 Method " Url="html/7be1b5b9-b572-8407-9071-7c2304570026.htm" /><HelpTOCNode Title="RichTextKeyDown2 Method " Url="html/0723d164-8caf-6373-94b8-a491ddc1c2dc.htm" /><HelpTOCNode Title="RichTextKeyDown3 Method " Url="html/0b7763e4-345a-17fc-3ada-b473f60a3214.htm" /><HelpTOCNode Title="StringFromRichTextBox Method " Url="html/a6820ffd-4755-3211-c9f2-eb066ab6d317.htm" /></HelpTOCNode>