﻿<?xml version="1.0" encoding="utf-8"?><HelpTOCNode Title="HighNav Fields" Url="html/cbf503fe-75b5-ba9e-ff34-e9e81109f2fe.htm"><HelpTOCNode Title="_contentLoaded Field" Url="html/783073a4-32eb-49ac-2a05-f4a6d831aeff.htm" /><HelpTOCNode Title="Avatar Field" Url="html/ad0e7525-c9f5-2c92-2922-8131abe30020.htm" /><HelpTOCNode Title="back Field" Url="html/42674ea5-7697-a63c-aa74-0ba9eb14cc5a.htm" /><HelpTOCNode Title="BackgroundImg Field" Url="html/6c274e18-c501-8ba6-b870-032e48f52754.htm" /><HelpTOCNode Title="cardNumber Field" Url="html/5fb387ca-9015-ec4d-504f-93589105f93c.htm" /><HelpTOCNode Title="CardPreview Field" Url="html/417cd6c1-7389-9bda-1b4f-6317a2ec70b5.htm" /><HelpTOCNode Title="currentTheme Field" Url="html/b7bdb33a-0f24-caac-6f97-2c64bc4a3b41.htm" /><HelpTOCNode Title="LOTR Field" Url="html/df0a099a-60ec-99db-8e5f-5890c7ed4769.htm" /><HelpTOCNode Title="maxCards Field" Url="html/b2170c56-c802-84c7-ef8c-10a4b1649f9f.htm" /><HelpTOCNode Title="NHLStenden Field" Url="html/8d6de7f9-40ab-a196-c87a-e6ce3162df4b.htm" /></HelpTOCNode>