﻿<?xml version="1.0" encoding="utf-8"?><HelpTOCNode Title="PlayNav Properties" Url="html/f9a16631-c4f3-d704-fc6b-37aea7bf26f7.htm"><HelpTOCNode Title="cbItems1 Property " Url="html/30528acb-a968-18ec-d3cf-522d38f016f0.htm" /><HelpTOCNode Title="cbItems2 Property " Url="html/2acc3c60-fdd5-79d1-4fae-73654492dbc6.htm" /><HelpTOCNode Title="SelectedcbItem1 Property " Url="html/4adfbe6d-7136-7fb2-2477-13abb257564f.htm" /><HelpTOCNode Title="SelectedcbItem2 Property " Url="html/bdd7c4d6-b422-e75e-bf84-4ce7940938ec.htm" /><HelpTOCNode Title="textBoxVisibility1 Property " Url="html/ef905085-b637-6780-4fab-9a0c6f63f536.htm" /><HelpTOCNode Title="textBoxVisibility2 Property " Url="html/a07647ce-5845-74a9-fc1f-705109a98325.htm" /><HelpTOCNode Title="textBoxVisibility3 Property " Url="html/04f9f31f-7d98-1286-3e6e-7bd150a74831.htm" /><HelpTOCNode Title="textBoxVisibility4 Property " Url="html/90ccf84b-7da0-f75f-213e-a2c8bb5c1fb8.htm" /></HelpTOCNode>